PatientID,FirstName,LastName,Email,Gender
747398593,Jeremias,Dignon,jdignon0@simplemachines.org,Male
12079100,Thomasin,Eaglesham,teaglesham1@symantec.com,Female
315099356,Agosto,Husk,ahusk2@zimbio.com,Male
403309540,Wilt,Lenthall,wlenthall3@usgs.gov,Male
128927922,Carmelle,Cawte,ccawte4@kickstarter.com,Female
295820609,Cloe,Burnie,cburnie5@soundcloud.com,Female
744363767,Waite,Alp,walp6@live.com,Male
502604810,Caleb,Jillins,cjillins7@instagram.com,Male
678350594,Rooney,Topes,rtopes8@apache.org,Male
419331116,Janice,Mudd,,Female
315211662,Taddeo,Klein,tkleina@google.es,Male
960849118,Birk,Gillice,bgilliceb@skype.com,Male
202360966,Redd,Bantick,rbantickc@meetup.com,Male
188638557,Consolata,Chave,cchaved@twitpic.com,Female
120715667,Noll,Wilshire,nwilshiree@t.co,Male
959530575,Rem,Hardie,rhardief@howstuffworks.com,Male
320854325,Natalie,Wittering,,Female
149852858,Tim,Clingan,tclinganh@booking.com,Male
711550049,Oralee,Davidovitch,odavidovitchi@blogtalkradio.com,Female
550453345,Nerissa,Daton,ndatonj@example.com,Female
102032704,Leeland,Fawdrie,lfawdriek@cpanel.net,Male
87720025,Karin,Bohlmann,kbohlmannl@nasa.gov,Female
763428360,Che,Onn,connm@yellowpages.com,Male
390847988,Lawry,Greguol,lgreguoln@hud.gov,Male
897596198,Kippie,Styant,kstyanto@typepad.com,Male
42927320,Tootsie,Gommery,tgommeryp@msu.edu,Female
761322047,Virgilio,Nolda,vnoldaq@sogou.com,Male
788740982,Ninette,Oakes,,Female
32214563,Isiahi,Hannant,ihannants@army.mil,Male
381134613,Tanner,Boake,tboaket@paypal.com,Male
298291038,Garrett,Altham,galthamu@printfriendly.com,Male
734004566,Ed,Jeaves,ejeavesv@yellowbook.com,Male
837115860,Mendie,Casaccio,mcasacciow@wikia.com,Male
155107852,Ricky,Tearney,rtearneyx@xrea.com,Male
829269539,Valentijn,Swigger,vswiggery@google.com.hk,Male
867003950,Suzy,Blakebrough,sblakebroughz@yellowbook.com,Female
842434948,Norton,Lodewick,nlodewick10@g.co,Male
503303499,Paddie,Bolstridge,pbolstridge11@addthis.com,Male
823403972,Wallis,Spratling,wspratling12@upenn.edu,Female
383992612,Howey,Rosini,,Male
187103518,Leann,Hundall,lhundall14@digg.com,Female
440082921,Clayson,Drinkeld,cdrinkeld15@dedecms.com,Male
428015973,Belvia,McFarlane,bmcfarlane16@homestead.com,Female
550625419,Lena,Hawkwood,lhawkwood17@booking.com,Female
398466918,Calhoun,Crisall,ccrisall18@house.gov,Male
660824437,Avie,Rispine,arispine19@prweb.com,Female
404127355,Brigid,Whorlton,bwhorlton1a@shareasale.com,Female
627174119,Lisette,MacTrustram,lmactrustram1b@businesswire.com,Female
709476446,Hartwell,Dreinan,hdreinan1c@google.cn,Male
21333292,Drew,Malkie,,Male
472449442,Ike,Pashenkov,,Male
812466142,Bron,Davydkov,,Male
631517874,Yuma,Kalinowsky,ykalinowsky1g@go.com,Male
788633668,Celestina,Jamblin,cjamblin1h@smh.com.au,Female
542007798,Ingar,Crocetto,icrocetto1i@yellowbook.com,Male
286568989,Mimi,Jallin,mjallin1j@skyrock.com,Female
913850933,Whitney,Stroobant,wstroobant1k@deviantart.com,Male
351211013,Merill,Birkett,,Male
284797666,Rubia,McWhan,rmcwhan1m@ucla.edu,Female
75008487,Luciana,Bernardes,lbernardes1n@youtu.be,Female
693436962,Kathlin,Byer,kbyer1o@amazon.com,Female
614790833,Sigismundo,Banasevich,sbanasevich1p@bbb.org,Male
941071726,Nanci,Arber,narber1q@lulu.com,Female
127747013,Cindie,Musk,,Female
204749389,Roxanna,Olyff,rolyff1s@wsj.com,Female
331007027,Jodee,Sugge,jsugge1t@creativecommons.org,Female
824169827,Irma,Leighfield,ileighfield1u@tamu.edu,Female
488295228,Jordanna,Manby,jmanby1v@etsy.com,Female
887087555,Nils,Nanson,nnanson1w@freewebs.com,Male
105394401,Griz,Stenyng,gstenyng1x@csmonitor.com,Male
136792375,Trudi,Gallardo,tgallardo1y@histats.com,Female
457598121,Euphemia,Avarne,eavarne1z@engadget.com,Female
764349413,Helaina,Colville,hcolville20@nationalgeographic.com,Female
2889402,Carmelina,Jurczak,cjurczak21@goo.ne.jp,Female
434665043,Emmalynn,Scholer,escholer22@blogspot.com,Female
890959885,Jayme,Mollene,jmollene23@uol.com.br,Male
187601017,Shaine,Cammell,scammell24@cyberchimps.com,Male
371953209,Rebekkah,Goldstraw,rgoldstraw25@census.gov,Female
989131472,Natalie,Skittrall,nskittrall26@yahoo.com,Female
229247979,Pauly,Fills,pfills27@naver.com,Male
299354177,Trent,Spradbrow,tspradbrow28@gravatar.com,Male
161036787,Prudence,Weben,,Female
796938009,Pancho,Gotecliffe,pgotecliffe2a@example.com,Male
662065259,Bethina,M'Quhan,bmquhan2b@squarespace.com,Female
129162308,Erena,Worlock,eworlock2c@instagram.com,Female
750560588,Augustina,Fretter,afretter2d@spiegel.de,Female
524533257,Rich,Baack,,Male
232853275,Hedvige,Pykerman,hpykerman2f@people.com.cn,Female
550363634,Gawen,Dockrell,gdockrell2g@ucla.edu,Male
466416873,Ines,Spincks,,Female
36499954,Inness,Benterman,ibenterman2i@samsung.com,Male
189364092,Lev,Bazley,lbazley2j@qq.com,Male
414280994,Tades,Spivie,,Male
71328114,Fonsie,Loadwick,floadwick2l@theguardian.com,Male
624220123,Gwynne,Beernt,gbeernt2m@cam.ac.uk,Female
479768740,Conchita,Concannon,cconcannon2n@buzzfeed.com,Female
150775278,Dore,Varney,dvarney2o@ca.gov,Female
394876120,Danie,Arboine,darboine2p@biblegateway.com,Male
834129794,Angus,Blunden,ablunden2q@cbc.ca,Male
750195435,Gwenore,Grogor,ggrogor2r@netscape.com,Female
200831554,Paule,Pietasch,ppietasch2s@mapquest.com,Female
627264781,Morton,Guerri,,Male
338276481,Garwood,Nutbrown,gnutbrown2u@about.me,Male
984881882,Bogart,Eburah,beburah2v@tamu.edu,Male
432836176,Gillie,Elgram,gelgram2w@acquirethisname.com,Female
933211965,Boyce,Duddin,bduddin2x@vimeo.com,Male
835889997,Kania,Rizzini,krizzini2y@icq.com,Female
684717795,Cookie,Crosi,ccrosi2z@nasa.gov,Female
536166485,Barnebas,Wickson,bwickson30@discovery.com,Male
337060498,Wilden,Bartholat,wbartholat31@paginegialle.it,Male
757325893,Josefa,Wombwell,jwombwell32@liveinternet.ru,Female
505639239,Wilek,Mullenger,wmullenger33@mit.edu,Male
36436771,Maurine,Anney,manney34@google.co.jp,Female
691163405,Adora,Bartolacci,abartolacci35@multiply.com,Female
468669945,Corri,Altoft,caltoft36@cloudflare.com,Female
266432123,Una,Crunkhurn,ucrunkhurn37@ovh.net,Female
333157412,Timmi,Colkett,tcolkett38@ca.gov,Female
914545517,Sydelle,Hupka,,Female
895262590,Parnell,Koubek,pkoubek3a@ask.com,Male
653462118,Car,Diprose,cdiprose3b@infoseek.co.jp,Male
145857925,Karylin,Offell,koffell3c@nsw.gov.au,Female
918793568,Trevar,Tatum,ttatum3d@mlb.com,Male
58040566,Nadean,Wardlow,,Female
674124228,Matthiew,Rushbury,mrushbury3f@twitter.com,Male
678742904,Tadd,Brunnen,,Male
698237159,Dylan,Broxap,dbroxap3h@seesaa.net,Male
68615541,Conan,Bottoner,,Male
913357563,Brandie,Spottiswood,bspottiswood3j@bizjournals.com,Female
139054320,Estell,Jansa,ejansa3k@si.edu,Female
142828384,Lou,Weathey,,Female
821938644,Martita,Demchen,mdemchen3m@cam.ac.uk,Female
75448278,Brynna,Brunton,,Female
761140260,Ardith,Hawksby,ahawksby3o@com.com,Female
484090693,Alfonso,Beck,abeck3p@harvard.edu,Male
815832793,Marya,Kienlein,mkienlein3q@sina.com.cn,Female
228748612,Cassey,Gook,cgook3r@amazon.co.uk,Female
627786061,Ignacio,Orsi,iorsi3s@flavors.me,Male
85834143,Rosalinda,Mantz,rmantz3t@123-reg.co.uk,Female
661765981,Millie,Figurski,mfigurski3u@apache.org,Female
851929146,Caryl,Kaszper,ckaszper3v@bloglines.com,Male
617987168,Adler,Dautry,adautry3w@booking.com,Male
100172737,Margot,Spick,,Female
290953264,Noreen,Triswell,ntriswell3y@ovh.net,Female
301675827,Greggory,MacVicar,,Male
934523476,Griselda,Cruse,gcruse40@bloomberg.com,Female
98466094,Dougy,Bratch,,Male
423213488,Belia,Jostan,bjostan42@prnewswire.com,Female
536572781,Yorker,Elnough,yelnough43@hexun.com,Male
296960678,Pete,Brittlebank,pbrittlebank44@furl.net,Male
869703042,Carry,Gilffillan,cgilffillan45@furl.net,Female
466890974,Druci,Howes,dhowes46@sakura.ne.jp,Female
829731358,Sibylle,Isaacson,,Female
785141282,Ertha,Robic,erobic48@g.co,Female
97888116,Stanford,Wilcinskis,swilcinskis49@nymag.com,Male
490239846,Cherri,Cheales,ccheales4a@blog.com,Female
961262916,Maribel,Ranyard,mranyard4b@netscape.com,Female
923359302,Sullivan,Figure,,Male
456688880,Gilemette,Millen,,Female
962487639,Sawyere,Dorricott,sdorricott4e@geocities.jp,Male
244326167,Ulick,Bente,ubente4f@wisc.edu,Male
339677525,Sampson,MacEllen,smacellen4g@ft.com,Male
793511081,Meridel,Rajchert,mrajchert4h@mapy.cz,Female
504297554,Perren,Dowe,pdowe4i@devhub.com,Male
974170875,Hilliary,Siene,hsiene4j@cam.ac.uk,Female
882941807,Thorsten,Bulfoy,tbulfoy4k@dion.ne.jp,Male
707243617,Daphne,Wood,dwood4l@google.com,Female
340392304,Baron,Node,,Male
712703205,Webb,Sonley,wsonley4n@cafepress.com,Male
904810602,Brigg,Eller,beller4o@icq.com,Male
916247654,Tabbie,Saffill,,Male
200611762,Correna,Dummigan,cdummigan4q@networkadvertising.org,Female
954564773,Christy,Hellen,chellen4r@huffingtonpost.com,Female
586698429,Jacquie,Sanchez,,Female
208260917,Syman,Casperri,scasperri4t@redcross.org,Male
976667282,Abigael,Bratton,abratton4u@blogs.com,Female
104284127,Charmaine,Schohier,cschohier4v@springer.com,Female
356595986,Kerry,Nisbet,knisbet4w@aol.com,Male
922228892,Jill,Rigolle,jrigolle4x@netvibes.com,Female
229679765,Phedra,Machel,,Female
531372490,Christyna,Brunton,,Female
533082790,Kayne,Gunby,kgunby50@ask.com,Male
651518865,Corrianne,Kordova,ckordova51@dailymail.co.uk,Female
364823452,Paule,Dono,pdono52@patch.com,Female
638235708,Carmelina,Mosen,cmosen53@ask.com,Female
999586745,Hogan,Duckworth,hduckworth54@samsung.com,Male
740521906,Valencia,Caslett,vcaslett55@ucla.edu,Female
588548898,Pammi,Stripling,,Female
399367015,Koenraad,Vallis,,Male
864913387,Cristy,Freddi,cfreddi58@hao123.com,Female
11372864,Zebulen,Ashcroft,zashcroft59@rediff.com,Male
279103213,Gerianne,Gascoine,ggascoine5a@spotify.com,Female
197764106,Elicia,Halt,,Female
606431075,Robers,Andrich,randrich5c@chron.com,Male
549466295,Jaime,Bellingham,,Female
845619568,Latrina,Pipping,lpipping5e@rakuten.co.jp,Female
293505872,Guillemette,Burns,gburns5f@prlog.org,Female
394852870,Iosep,Dalgety,idalgety5g@cyberchimps.com,Male
599712181,Yul,Odo,yodo5h@dion.ne.jp,Male
614660220,Marlon,Sarl,msarl5i@nymag.com,Male
322670606,Northrup,Flecknoe,nflecknoe5j@sfgate.com,Male
486416595,Carlotta,Zavittieri,czavittieri5k@engadget.com,Female
573701178,Adele,Swanborrow,aswanborrow5l@imdb.com,Female
652405282,Amargo,Filippone,afilippone5m@stanford.edu,Female
89300331,Hillary,Sterzaker,hsterzaker5n@cpanel.net,Female
78614496,Neron,Dowry,ndowry5o@freewebs.com,Male
149625986,Worthington,Cousen,,Male
135039168,Ax,Cameron,acameron5q@reuters.com,Male
252670379,Mohammed,Kauschke,mkauschke5r@guardian.co.uk,Male
159432823,Tatiana,Jancik,tjancik5s@smh.com.au,Female
544395938,Merle,Ikringill,,Female
3800547,Leanna,Wrintmore,lwrintmore5u@g.co,Female
211565281,Gwendolen,Golbourn,ggolbourn5v@cbc.ca,Female
420937330,Fairfax,Wannell,fwannell5w@histats.com,Male
183640768,Joyce,Torvey,jtorvey5x@list-manage.com,Female
292798328,Ellwood,Bullar,ebullar5y@amazon.co.uk,Male
228661489,Olin,Pinhorn,opinhorn5z@usda.gov,Male
542681441,Nealon,Cappell,,Male
983008394,Kristoffer,Kivelle,kkivelle61@addtoany.com,Male
809646125,Mathilda,Dimitrov,mdimitrov62@marketwatch.com,Female
693266332,Chastity,Pomfret,,Female
555665140,Myrtie,O'Cullinane,mocullinane64@apache.org,Female
577039727,Catharina,Guilford,cguilford65@feedburner.com,Female
790499257,Dimitry,Hasty,dhasty66@msn.com,Male
10553390,Zola,Lansdowne,zlansdowne67@ask.com,Female
592678003,Renato,Sorsby,rsorsby68@shareasale.com,Male
889801551,Ashla,Port,aport69@usnews.com,Female
990895073,Elbertina,Scading,,Female
953482343,Audi,Arrol,aarrol6b@redcross.org,Female
713069968,Ambrose,Hassan,,Male
434413174,Rowan,Nelson,rnelson6d@studiopress.com,Male
707528934,Millard,Coltart,,Male
818309290,Inna,Wyon,iwyon6f@list-manage.com,Female
646618020,Zsa zsa,O'Keenan,zokeenan6g@wunderground.com,Female
834264572,Gary,Howkins,ghowkins6h@youtu.be,Male
356560016,Cletus,Warton,cwarton6i@homestead.com,Male
167180308,Elizabeth,Boulstridge,eboulstridge6j@ow.ly,Female
768085478,Cristina,Szwandt,cszwandt6k@cargocollective.com,Female
845256881,Valma,Abbet,vabbet6l@woothemes.com,Female
300750602,Tammie,Hardwich,thardwich6m@biglobe.ne.jp,Female
124328022,Catlee,Mabbe,cmabbe6n@amazon.co.jp,Female
81124547,Juliette,Dreini,jdreini6o@tripadvisor.com,Female
768023775,Marlo,Hehir,mhehir6p@foxnews.com,Male
154243015,Jesus,Tague,jtague6q@samsung.com,Male
871763955,Max,Beardsworth,,Male
275122391,Jenni,Dennick,jdennick6s@psu.edu,Female
815761257,Tab,Marson,tmarson6t@telegraph.co.uk,Male
660066090,Reggie,Beviss,rbeviss6u@google.pl,Female
50822913,Missy,Traice,mtraice6v@nyu.edu,Female
946103866,Tito,Caddell,,Male
424856940,Whitaker,Dowty,wdowty6x@microsoft.com,Male
894401813,Kevyn,Innott,kinnott6y@si.edu,Female
789518062,Deane,Dunkersley,ddunkersley6z@state.gov,Male
781226478,Thatcher,Piatti,tpiatti70@free.fr,Male
697077946,Elicia,Kellar,ekellar71@fda.gov,Female
301592245,Druci,Zywicki,dzywicki72@prweb.com,Female
190958046,Chris,Pilger,,Female
623907053,Shell,Bicker,sbicker74@mlb.com,Female
338485449,Jacques,Everley,jeverley75@yellowbook.com,Male
169910309,Glenna,Hursey,ghursey76@hhs.gov,Female
180560737,Onida,Ord,,Female
709701962,Ulrich,Nicklen,unicklen78@auda.org.au,Male
337227290,Winona,Toone,wtoone79@google.ru,Female
891955401,Elsi,Beakes,ebeakes7a@smugmug.com,Female
645731344,Aubrette,Graeser,,Female
479210625,Andonis,Gianiello,agianiello7c@nifty.com,Male
408020774,Falito,Newbegin,fnewbegin7d@mozilla.org,Male
945360791,Gabriele,Mulvy,gmulvy7e@intel.com,Male
980867348,Domini,Couve,dcouve7f@altervista.org,Female
498001659,Nicolis,Jull,njull7g@t-online.de,Male
36776591,Erroll,Bruckshaw,ebruckshaw7h@com.com,Male
841256432,Sayre,Cripwell,scripwell7i@umich.edu,Female
665896546,Beau,Iannelli,biannelli7j@webnode.com,Male
127037805,Gennie,Bloxholm,gbloxholm7k@bandcamp.com,Female
297836088,Elladine,Reynault,ereynault7l@aol.com,Female
352295734,Mavra,Jahnke,mjahnke7m@wunderground.com,Female
936264051,Antonie,Fitchell,afitchell7n@liveinternet.ru,Female
457798376,Glenden,Feragh,gferagh7o@nps.gov,Male
764981444,Lacy,Canto,,Female
819794849,Whittaker,Gregolotti,wgregolotti7q@bloomberg.com,Male
978882292,Matt,Veart,mveart7r@dedecms.com,Male
47563761,Hayden,Courage,hcourage7s@hexun.com,Male
516173405,Genia,Huzzey,ghuzzey7t@telegraph.co.uk,Female
706079297,Fleming,Lembcke,flembcke7u@artisteer.com,Male
942310802,Randell,Donativo,,Male
991114515,Kirbee,Entres,,Female
814520254,Zebulon,Gamlyn,,Male
868375018,Stoddard,Lorimer,slorimer7y@ftc.gov,Female
963777141,Claire,Croke,,Female
921290829,Fairlie,Hartfield,fhartfield80@google.fr,Male
859725819,Devin,Newall,dnewall81@nhs.uk,Female
532124441,Dodie,Matt,dmatt82@diigo.com,Female
297124513,Janel,Booy,jbooy83@weather.com,Female
916012389,Ninetta,Longworthy,nlongworthy84@dyndns.org,Female
719353139,Reider,Gouck,rgouck85@drupal.org,Male
380435558,Basilius,Sayle,bsayle86@bluehost.com,Male
100905186,Matty,Keary,mkeary87@ucsd.edu,Female
508884284,Kip,Sabbatier,ksabbatier88@mlb.com,Male
483521979,Roger,Newlin,rnewlin89@simplemachines.org,Male
891686371,Vanya,Gillani,vgillani8a@taobao.com,Female
833121253,Brear,Nerval,bnerval8b@about.me,Female
761360798,Linnie,Casoni,lcasoni8c@jiathis.com,Female
523163418,Shalom,MacClure,smacclure8d@booking.com,Male
884845337,Romola,Nilles,rnilles8e@flickr.com,Female
836395859,Wye,de Keep,wdekeep8f@dailymail.co.uk,Male
30410723,Harp,Darley,hdarley8g@latimes.com,Male
999570737,Alexio,Cuddehay,acuddehay8h@123-reg.co.uk,Male
587749191,Shelley,Chapier,schapier8i@prnewswire.com,Male
337026128,Elwood,Tilmouth,etilmouth8j@ucla.edu,Male
589891097,Malcolm,Jepp,mjepp8k@who.int,Male
865730325,Estrellita,Pinkie,epinkie8l@moonfruit.com,Female
381064755,Devondra,Tunniclisse,dtunniclisse8m@angelfire.com,Female
65995302,Fredrick,Sherel,,Male
581628460,Kiri,Kornalik,kkornalik8o@livejournal.com,Female
45767285,Barron,Yockley,byockley8p@naver.com,Male
234868355,Dorisa,Baudoux,dbaudoux8q@si.edu,Female
52516592,Alfi,Vobes,avobes8r@about.me,Female
34104265,Elianora,Paterson,,Female
864888037,Derrik,Clewer,dclewer8t@lycos.com,Male
855625400,Bone,Truluck,btruluck8u@mashable.com,Male
153954278,Arlyne,Carnegy,acarnegy8v@e-recht24.de,Female
174638065,Sholom,Demougeot,sdemougeot8w@typepad.com,Male
772520972,Carol-jean,Jouanny,cjouanny8x@i2i.jp,Female
478958296,Oralle,Hebson,ohebson8y@amazon.co.jp,Female
404763056,Ramonda,Summerley,rsummerley8z@wp.com,Female
347033262,Hirsch,Geydon,hgeydon90@g.co,Male
290260869,Madelon,Yoslowitz,myoslowitz91@va.gov,Female
289144531,Kimble,Ansteys,kansteys92@businessinsider.com,Male
796975735,Konstantin,Whyke,kwhyke93@cdc.gov,Male
492343010,Claudius,Gatteridge,cgatteridge94@tumblr.com,Male
454314336,Joshua,Thundercliffe,jthundercliffe95@xrea.com,Male
747182161,Carr,Leydon,cleydon96@jugem.jp,Male
332593346,Mendy,Gilffillan,mgilffillan97@hhs.gov,Male
736826976,Atalanta,Fenelon,afenelon98@archive.org,Female
711710274,Doris,Stevings,,Female
218553952,Ritchie,Wahlberg,rwahlberg9a@blogs.com,Male
736870070,Florance,Grestye,fgrestye9b@utexas.edu,Female
203708030,Rabi,Lafee,rlafee9c@lulu.com,Male
754502332,Kendall,Geare,kgeare9d@github.io,Male
263253281,Danie,Huggin,dhuggin9e@printfriendly.com,Male
607338426,Jazmin,Hoofe,,Female
615641255,Monte,Byass,,Male
975219111,Dunstan,Fogt,dfogt9h@unesco.org,Male
869525564,Sherwood,Boadby,sboadby9i@list-manage.com,Male
434668925,Wesley,Comiskey,,Male
938953903,Steve,Quaif,squaif9k@sitemeter.com,Male
198885869,Cole,Scoines,cscoines9l@yolasite.com,Male
435159198,Shaun,Libbey,,Female
589630331,Lavena,Punton,,Female
234127473,Van,McCumskay,vmccumskay9o@hatena.ne.jp,Female
493997419,Cecelia,Synder,csynder9p@ifeng.com,Female
552816494,Lanette,Gregory,lgregory9q@ft.com,Female
24515453,Amber,Bellhouse,abellhouse9r@angelfire.com,Female
988086696,Garrik,Duerdin,gduerdin9s@opera.com,Male
263775206,Arleyne,Gun,agun9t@lycos.com,Female
996706364,Sherill,Matusson,smatusson9u@amazon.de,Female
46907136,Giralda,Ablett,,Female
595625556,Dierdre,Cripin,dcripin9w@fda.gov,Female
461208239,Pincus,Ingreda,pingreda9x@e-recht24.de,Male
665607810,Dorita,Whellans,dwhellans9y@addtoany.com,Female
249600161,Elisha,Ackroyd,eackroyd9z@mysql.com,Male
261223491,Stacee,Cobby,scobbya0@ucla.edu,Male
84585972,Deb,Aindrais,daindraisa1@china.com.cn,Female
274467513,Ag,Duff,aduffa2@wikimedia.org,Female
103746119,Romola,MacAskie,rmacaskiea3@storify.com,Female
801230957,Lemar,Satteford,lsatteforda4@twitter.com,Male
598793804,Yorgos,Harnett,yharnetta5@angelfire.com,Male
831493257,Fredi,Quickenden,fquickendena6@github.com,Female
8523572,Hadleigh,Richemond,hrichemonda7@wikimedia.org,Male
303378220,Tricia,Danielli,tdaniellia8@123-reg.co.uk,Female
648494697,Hastie,Coulling,hcoullinga9@paginegialle.it,Male
955489592,Corena,Larchiere,clarchiereaa@businesswire.com,Female
582912738,Abigale,Stanners,astannersab@sina.com.cn,Female
729761131,Brodie,Frontczak,bfrontczakac@dailymail.co.uk,Male
596439479,Court,Temlett,,Male
727697344,Putnam,Feeney,pfeeneyae@scientificamerican.com,Male
540090982,Trish,Heaford,theafordaf@com.com,Female
684533159,Nicolina,Weekes,nweekesag@abc.net.au,Female
563759001,Anastassia,Bulpitt,abulpittah@goo.gl,Female
903721018,Cati,Went,cwentai@list-manage.com,Female
911986887,Sheri,Louedey,slouedeyaj@house.gov,Female
381656031,Neely,Carnew,ncarnewak@privacy.gov.au,Female
514845700,Cassie,Melia,cmeliaal@wordpress.org,Male
972798250,Pippy,Tarbard,ptarbardam@elpais.com,Female
553655006,Eran,Hutcheon,ehutcheonan@photobucket.com,Female
736663357,Dahlia,Yearnsley,dyearnsleyao@reddit.com,Female
165872910,Claudio,Brendeke,cbrendekeap@washingtonpost.com,Male
689141403,Rolfe,Luck,rluckaq@canalblog.com,Male
790434801,Clim,McRobbie,cmcrobbiear@cisco.com,Male
532688138,Emlynne,Daftor,edaftoras@ezinearticles.com,Female
498732671,Michelle,Barnish,mbarnishat@oaic.gov.au,Female
541444053,Candra,Rowett,crowettau@homestead.com,Female
934398596,Carney,Prettyjohns,cprettyjohnsav@aol.com,Male
211763435,Kendell,Gregon,,Male
748975088,Riordan,Biddulph,rbiddulphax@marketwatch.com,Male
106416144,Garvy,Shoreson,,Male
38813072,Arman,Andreichik,aandreichikaz@cbsnews.com,Male
656264952,Winfield,Ibberson,wibbersonb0@taobao.com,Male
765197776,Ashton,Gonoude,agonoudeb1@boston.com,Male
557126713,Eugenius,Harkes,eharkesb2@weibo.com,Male
132629805,Margy,Filochov,mfilochovb3@odnoklassniki.ru,Female
144504706,Annamarie,Whaley,awhaleyb4@blogs.com,Female
312821682,Veronica,Tarpey,vtarpeyb5@ebay.com,Female
941192856,Malcolm,Hedingham,,Male
57559434,Lily,Stonman,lstonmanb7@wisc.edu,Female
374351815,Gaspard,Jeffs,gjeffsb8@abc.net.au,Male
901060066,Flem,Linley,flinleyb9@nationalgeographic.com,Male
523381855,Abraham,Labb,alabbba@indiatimes.com,Male
185617646,Sol,Keir,skeirbb@woothemes.com,Male
483005387,Sheba,Robker,srobkerbc@1und1.de,Female
68791902,Roberta,Spalton,,Female
414601979,Timothy,Greguol,tgreguolbe@exblog.jp,Male
699142050,Quincy,Bewshea,qbewsheabf@google.com,Male
42549602,Irwin,Duckinfield,iduckinfieldbg@dot.gov,Male
85801990,Ethan,Brea,ebreabh@arizona.edu,Male
227225022,Ulrike,Kobierski,,Female
719881681,Artemas,Powder,apowderbj@indiatimes.com,Male
254733292,Bernette,Feak,bfeakbk@opera.com,Female
289606613,Fernande,MacGahy,,Female
554582831,Tremayne,Whitcombe,twhitcombebm@mlb.com,Male
462466229,Suzanna,Hartopp,shartoppbn@smugmug.com,Female
329512869,Marion,Cosford,mcosfordbo@themeforest.net,Male
5321796,Prissie,Kiledal,,Female
546899549,Nicko,Oulet,nouletbq@csmonitor.com,Male
641168888,Karoly,Danielis,kdanielisbr@opensource.org,Female
527752485,Tiertza,Cosser,tcosserbs@oaic.gov.au,Female
785842722,Arden,Spratling,aspratlingbt@webs.com,Female
542766905,Josepha,Anwell,janwellbu@arizona.edu,Female
681842232,Cora,Jamison,cjamisonbv@mozilla.org,Female
806688742,Cathie,Parton,cpartonbw@ocn.ne.jp,Female
502050240,Jeanelle,Flaunders,jflaundersbx@posterous.com,Female
686199149,Amelie,Bucksey,abuckseyby@archive.org,Female
935746234,Marcelline,Cleare,mclearebz@last.fm,Female
646502949,Zonnya,Scotti,zscottic0@ebay.co.uk,Female
817555344,Marten,Hilary,mhilaryc1@scientificamerican.com,Male
883061120,Felic,Blanpein,fblanpeinc2@biblegateway.com,Male
473736310,Fidela,Jose,fjosec3@delicious.com,Female
137029431,Lindie,Cockerton,lcockertonc4@blog.com,Female
195325241,Edythe,Trowsdall,etrowsdallc5@w3.org,Female
487813778,Noami,Lowe,nlowec6@globo.com,Female
812665507,Keary,Lewing,klewingc7@telegraph.co.uk,Male
39797013,Rosaline,Dhenin,rdheninc8@stumbleupon.com,Female
955667724,Pearce,Stoakes,,Male
157159131,Loraine,Benns,lbennsca@github.com,Female
109147409,Zaccaria,Joyce,,Male
761939073,Shena,Syne,,Female
791768789,Casie,MacKnockiter,cmacknockitercd@networksolutions.com,Female
243960224,Temple,Lightowlers,,Male
827673639,Siana,Cesconi,scesconicf@pcworld.com,Female
468681548,Arliene,Stothert,astothertcg@dyndns.org,Female
822485883,Ermengarde,Diviny,edivinych@tmall.com,Female
574198115,Jeannette,Pealing,jpealingci@privacy.gov.au,Female
778462360,Beatrisa,Trye,btryecj@paginegialle.it,Female
326827777,Abby,Barnewell,,Female
982356522,Patrizia,Frowde,pfrowdecl@upenn.edu,Female
869891559,Nonna,Kinrade,nkinradecm@thetimes.co.uk,Female
234967739,Pierette,Creek,pcreekcn@hc360.com,Female
686315003,Inessa,Cripps,icrippsco@smugmug.com,Female
916519518,Vincenty,Cushworth,vcushworthcp@nytimes.com,Male
100737143,Joline,Francescone,jfrancesconecq@cloudflare.com,Female
128591930,Luci,Allewell,lallewellcr@pbs.org,Female
354821509,Tymothy,Kitteridge,tkitteridgecs@clickbank.net,Male
636340775,Conney,Fullun,cfullunct@w3.org,Male
372938348,Tammie,Kehir,tkehircu@elegantthemes.com,Female
121109175,Gaby,Boumphrey,gboumphreycv@admin.ch,Female
220591600,Saxe,Waylen,swaylencw@uol.com.br,Male
658833649,Mariele,Daverin,mdaverincx@census.gov,Female
435278077,Stavro,Sempill,ssempillcy@php.net,Male
836691800,Dillon,Serridge,dserridgecz@spiegel.de,Male
467302602,Sheeree,Colbeck,scolbeckd0@jalbum.net,Female
402561556,Mia,McMorland,mmcmorlandd1@bandcamp.com,Female
794167908,Oates,Creeghan,ocreeghand2@redcross.org,Male
247913690,Rafaelia,Palin,rpalind3@hexun.com,Female
439835577,Irene,Partrick,,Female
839819843,Ethan,Rehor,erehord5@sun.com,Male
813617855,Kathryne,Musla,kmuslad6@facebook.com,Female
132629341,Chelsae,Achrameev,cachrameevd7@apple.com,Female
231976158,Dorotea,Neads,dneadsd8@narod.ru,Female
165710878,Arlen,Wimp,awimpd9@linkedin.com,Female
420435325,Vanya,Chrisp,vchrispda@domainmarket.com,Male
437675789,Chiquita,Thody,cthodydb@hugedomains.com,Female
870578979,Leon,Moring,,Male
879038865,Carlye,Pridding,,Female
262109514,Holden,Fumagallo,hfumagallode@tinypic.com,Male
981216020,Clerc,Starkie,cstarkiedf@auda.org.au,Male
86525446,Sonny,Crosthwaite,scrosthwaitedg@ycombinator.com,Female
604337619,Sheeree,Esom,sesomdh@unesco.org,Female
212427235,Arley,Betho,abethodi@skype.com,Male
417094608,Eric,Kingston,,Male
406834357,Wanda,Gilliam,wgilliamdk@seattletimes.com,Female
59995501,Caryl,Reedick,creedickdl@ft.com,Female
55810258,Emyle,Creboe,ecreboedm@stumbleupon.com,Female
78629562,Anissa,Peniman,apenimandn@mit.edu,Female
548896192,Vinny,Yarrell,vyarrelldo@sitemeter.com,Male
47658518,Neala,Harbertson,nharbertsondp@ucsd.edu,Female
463107401,Iago,Beattie,,Male
433050610,Tommy,Arckoll,tarckolldr@un.org,Male
873021155,Bret,Charlick,bcharlickds@scribd.com,Male
250735592,Dacie,Ryall,dryalldt@wikipedia.org,Female
7157182,Arny,Rigden,arigdendu@spotify.com,Male
169969371,Perry,Trippett,ptrippettdv@theguardian.com,Male
363998872,Gasper,De Ferraris,gdeferrarisdw@sun.com,Male
455726448,Jo,Honack,jhonackdx@google.ru,Male
291432921,Abbie,Skipsea,askipseady@nba.com,Male
241485591,Sherye,Descroix,sdescroixdz@microsoft.com,Female
733124329,Tyne,Benning,tbenninge0@deviantart.com,Female
326664598,Reinaldos,Harms,rharmse1@twitpic.com,Male
133948375,Mischa,Carnell,mcarnelle2@google.ru,Male
485961279,Sylvester,MacNeachtain,smacneachtaine3@shutterfly.com,Male
460514254,Gran,Rodden,groddene4@e-recht24.de,Male
336164839,Case,Karpinski,ckarpinskie5@sogou.com,Male
157055213,Olin,Sicely,osicelye6@tumblr.com,Male
759908297,Sofie,MacCrackan,smaccrackane7@google.pl,Female
392039867,Johanna,Mitten,jmittene8@ucoz.com,Female
934631768,Terese,Janata,tjanatae9@sun.com,Female
632345130,Ryley,Southam,rsouthamea@vk.com,Male
395154993,Cece,Fozard,cfozardeb@simplemachines.org,Male
435615094,Ban,Barsby,bbarsbyec@sbwire.com,Male
586560317,Wilhelmina,Filasov,wfilasoved@networksolutions.com,Female
672079918,Nolan,Campaigne,ncampaigneee@purevolume.com,Male
53039085,Sib,Cescot,scescotef@mapy.cz,Female
975535453,Fayre,Pykett,,Female
939872098,Jillie,Crosham,,Female
583699204,Will,Culter,,Male
538661602,Rosaline,Guerrin,rguerrinej@army.mil,Female
901397841,Gertrudis,Fricke,gfrickeek@bigcartel.com,Female
913926460,Decca,Talks,dtalksel@360.cn,Male
78655435,Lynnet,Lathwood,llathwoodem@harvard.edu,Female
174428442,Rosco,Leyre,rleyreen@gov.uk,Male
799432719,Emylee,Millimoe,emillimoeeo@ucsd.edu,Female
57871852,Salome,Frankiewicz,sfrankiewiczep@home.pl,Female
644141444,Arte,Dax,adaxeq@flavors.me,Male
498930403,Cathlene,Dey,cdeyer@pen.io,Female
847717363,Ashli,Pickring,apickringes@blogspot.com,Female
458722723,Lionello,Crowch,lcrowchet@homestead.com,Male
144268957,Vina,Sired,vsiredeu@soup.io,Female
915236115,Barbey,Aldhous,baldhousev@japanpost.jp,Female
198657250,Alessandro,Rockcliff,arockcliffew@nhs.uk,Male
397269632,Baron,Heighway,bheighwayex@booking.com,Male
21145744,Umeko,Woodrooffe,uwoodrooffeey@jimdo.com,Female
514122540,Lois,Nassey,,Female
510332040,Trevor,Leggitt,tleggittf0@shinystat.com,Male
469494097,Obediah,Brennon,obrennonf1@w3.org,Male
468740572,Gilburt,Canelas,,Male
541719316,Gwendolin,Keenlayside,gkeenlaysidef3@so-net.ne.jp,Female
918928061,Niko,Schruurs,nschruursf4@jiathis.com,Male
295190506,Emlen,Duffitt,eduffittf5@ucoz.com,Male
67320452,Wilton,Nurse,wnursef6@apache.org,Male
670790653,Celine,Piddlesden,cpiddlesdenf7@deliciousdays.com,Female
840232418,Lock,Geffinger,,Male
561589575,Mikkel,Endecott,mendecottf9@dot.gov,Male
452787791,Currie,Haveline,chavelinefa@howstuffworks.com,Male
369206560,Catrina,Barlace,cbarlacefb@bloglovin.com,Female
718732803,Ignatius,Gaskins,igaskinsfc@over-blog.com,Male
605623908,Karl,Catling,kcatlingfd@so-net.ne.jp,Male
977638877,Renee,Alexander,ralexanderfe@nationalgeographic.com,Female
15482110,Florenza,Winfindale,,Female
239839629,Caz,Dingivan,cdingivanfg@cnn.com,Male
724779531,Rem,Keal,rkealfh@youtube.com,Male
920370346,Tallie,Andreia,tandreiafi@cdc.gov,Male
730458276,Adi,Sturrock,asturrockfj@indiegogo.com,Female
99876076,Pierre,Hrycek,phrycekfk@theglobeandmail.com,Male
549610331,Kaycee,Barukh,kbarukhfl@about.com,Female
534086073,Queenie,Turbefield,qturbefieldfm@yolasite.com,Female
342264005,Suzy,Pahlsson,,Female
295172708,Jeddy,Giles,jgilesfo@indiatimes.com,Male
17150630,Leanna,Wreath,lwreathfp@liveinternet.ru,Female
59950753,Shurlocke,Terrey,sterreyfq@wordpress.com,Male
751549552,Marcela,Doyley,mdoyleyfr@auda.org.au,Female
918839619,Peggi,Mathonnet,pmathonnetfs@adobe.com,Female
201812861,Auguste,Goreway,agorewayft@shinystat.com,Female
790357023,Gavan,Dawbery,gdawberyfu@mayoclinic.com,Male
127380799,Chick,Box,,Male
796613525,Valida,de Courcy,vdecourcyfw@miitbeian.gov.cn,Female
569577335,Meredeth,Brazur,mbrazurfx@businessinsider.com,Male
233357911,Bartolomeo,MacKimmie,bmackimmiefy@intel.com,Male
310186202,Gregoire,Marmion,gmarmionfz@cornell.edu,Male
875622788,Rutledge,Wood,rwoodg0@comsenz.com,Male
40666506,Filippa,Fiddy,ffiddyg1@who.int,Female
175005158,Rachele,Coughan,rcoughang2@answers.com,Female
430962595,Aguistin,Ryall,aryallg3@ask.com,Male
268757711,Dominik,Boarleyson,dboarleysong4@ucsd.edu,Male
107303960,Emmalyn,Gregol,,Female
583475417,Fran,Langton,flangtong6@posterous.com,Male
440773494,Katusha,Kike,kkikeg7@cnn.com,Female
685429041,Cooper,Hart,chartg8@topsy.com,Male
662477854,Andria,Willowby,awillowbyg9@prlog.org,Female
44511954,Grantham,Knibb,gknibbga@hugedomains.com,Male
332400781,Tyson,Gayton,,Male
248783816,Keri,Burkin,kburkingc@51.la,Female
346670938,Corbett,Sterley,csterleygd@pen.io,Male
445255958,Alanah,Raccio,araccioge@goo.gl,Female
920627469,Garrick,Rudgard,grudgardgf@reddit.com,Male
713482340,Welbie,Allenby,wallenbygg@ftc.gov,Male
942140673,Isidoro,McAreavey,imcareaveygh@hostgator.com,Male
47258676,Sayre,Simchenko,ssimchenkogi@walmart.com,Male
859638902,Giselle,Abrahamovitz,gabrahamovitzgj@feedburner.com,Female
436608313,Laurianne,Cleef,lcleefgk@amazon.co.uk,Female
544869218,Debera,Guilleton,,Female
653399983,Vidovic,Newsham,,Male
909345558,Chev,Stachini,cstachinign@google.nl,Male
379251628,Hephzibah,Westphalen,hwestphalengo@seesaa.net,Female
512940120,Mahmoud,Davie,,Male
615640626,Alikee,Giacobazzi,agiacobazzigq@ihg.com,Female
610528367,Lesley,Branscomb,lbranscombgr@cornell.edu,Male
327602017,Billy,Normavell,,Female
357616032,Nils,Loraine,nlorainegt@prweb.com,Male
830184178,Meris,Knoton,mknotongu@marketwatch.com,Female
395059164,Alis,Weld,aweldgv@google.com.au,Female
505088193,Annelise,Tessington,atessingtongw@walmart.com,Female
391897259,Zebulen,Knoble,zknoblegx@csmonitor.com,Male
421585132,Obadias,Dericot,odericotgy@theguardian.com,Male
50460457,Dael,Tallman,dtallmangz@google.de,Male
703711744,Tulley,Mose,tmoseh0@opera.com,Male
249471200,Reagen,Fincham,rfinchamh1@ca.gov,Male
724954651,Wilton,De Morena,wdemorenah2@unc.edu,Male
687315264,Goldy,Stradling,,Female
166903023,Dyan,Blackwell,,Female
641947467,Cornie,Ridges,cridgesh5@uiuc.edu,Male
636283231,Bess,Sivyour,bsivyourh6@storify.com,Female
349804299,Yurik,MacAndrew,ymacandrewh7@patch.com,Male
558981075,Ronnie,Dancer,rdancerh8@chicagotribune.com,Male
385604,Tomaso,Charteris,,Male
889504647,Thadeus,Jobb,tjobbha@slideshare.net,Male
893288188,Darlleen,Thurstance,dthurstancehb@discovery.com,Female
248014065,Garwood,Carswell,gcarswellhc@seattletimes.com,Male
966241437,Mercie,Rosenzwig,mrosenzwighd@kickstarter.com,Female
912991535,Kenneth,Swire,kswirehe@linkedin.com,Male
81932309,Britni,Monckton,bmoncktonhf@goodreads.com,Female
313889276,Rora,Tschiersch,rtschierschhg@mayoclinic.com,Female
952199909,Chariot,Walkington,,Male
587481353,Roseline,McCormick,rmccormickhi@washingtonpost.com,Female
369537881,Jenifer,Minty,jmintyhj@ft.com,Female
230467651,Nollie,Fincken,nfinckenhk@intel.com,Female
964483065,Karlan,Ellicock,kellicockhl@tinyurl.com,Male
249779063,Astra,Paulmann,,Female
728005372,Mitchell,Geratt,mgeratthn@rediff.com,Male
950569569,Margit,Fulks,mfulksho@paypal.com,Female
460086115,Lock,Binnion,lbinnionhp@imdb.com,Male
742470920,Nicko,Bow,nbowhq@list-manage.com,Male
328917528,Cindelyn,Reinhardt,,Female
720537479,Heall,Beddall,hbeddallhs@loc.gov,Male
889837339,Maggee,Bartolic,mbartolicht@oakley.com,Female
711150840,Brittany,Van Rembrandt,bvanrembrandthu@dropbox.com,Female
274839493,Charlie,Klosser,cklosserhv@newsvine.com,Male
960120706,Con,Kenealy,ckenealyhw@abc.net.au,Male
168856698,Elyn,Lemin,eleminhx@google.nl,Female
487894925,Jefferson,Lambertz,jlambertzhy@msu.edu,Male
552941527,Ingrid,Lovejoy,ilovejoyhz@time.com,Female
902806086,Rosina,Tilliard,rtilliardi0@friendfeed.com,Female
909262437,Gustav,Drury,gdruryi1@examiner.com,Male
142890251,Joice,Licciardi,,Female
420525115,Dorey,Littlepage,dlittlepagei3@bloglines.com,Female
587241572,Jamaal,Graundisson,jgraundissoni4@addthis.com,Male
75586179,Killian,Hobble,khobblei5@wikipedia.org,Male
396410376,Siobhan,Robilart,srobilarti6@answers.com,Female
452572979,Kassia,Leyson,kleysoni7@sohu.com,Female
507025854,Bobbe,Jedras,bjedrasi8@sciencedaily.com,Female
230407435,Leia,Staning,lstaningi9@example.com,Female
104254824,Nicola,Donnell,ndonnellia@accuweather.com,Male
136975705,Zorana,Myott,,Female
476670083,Keelby,Cattermull,kcattermullic@cafepress.com,Male
284691459,Barbey,Fransoni,bfransoniid@macromedia.com,Female
170619710,Rowe,Witz,rwitzie@wisc.edu,Female
990796333,Barbra,Morshead,bmorsheadif@typepad.com,Female
571601360,Donelle,Woolis,dwoolisig@washington.edu,Female
192314221,Ebba,Keeffe,ekeeffeih@slate.com,Female
788960823,Becka,Ryder,bryderii@amazon.com,Female
933206707,Karen,Colthard,kcolthardij@foxnews.com,Female
107086778,Reggie,Domerc,rdomercik@google.ca,Male
927205437,Roderic,Svanetti,rsvanettiil@cnet.com,Male
741357537,Arlin,Vauter,avauterim@princeton.edu,Male
607923965,Mariellen,Bernucci,mbernucciin@diigo.com,Female
974215544,Gill,McRae,,Female
179670979,Donny,Stark,dstarkip@nytimes.com,Male
159012461,Wenona,Kett,wkettiq@omniture.com,Female
659771279,Allissa,Farmar,afarmarir@ask.com,Female
258690762,Lily,Brightwell,lbrightwellis@yellowpages.com,Female
946104251,Caye,Capitano,ccapitanoit@zdnet.com,Female
129625923,Garland,Rosenqvist,grosenqvistiu@myspace.com,Female
576647778,Cecile,Maypole,,Female
204309880,Bendick,Alvares,balvaresiw@flavors.me,Male
824308651,Maynord,Fishley,mfishleyix@twitter.com,Male
11877703,Isac,Schwieso,ischwiesoiy@myspace.com,Male
944678242,Marylee,Sambles,msamblesiz@studiopress.com,Female
789115028,Dorolice,Vasilchenko,dvasilchenkoj0@tinyurl.com,Female
65720348,Anabal,Cleynaert,acleynaertj1@intel.com,Female
284158409,Stella,Caesmans,scaesmansj2@dropbox.com,Female
512384681,Joela,Rowsell,jrowsellj3@bravesites.com,Female
51681342,Karry,Bathoe,,Female
796786750,Kerk,Howell,khowellj5@nymag.com,Male
382572986,Carey,Stickings,cstickingsj6@xing.com,Female
758525529,Danyette,Linguard,dlinguardj7@123-reg.co.uk,Female
252626029,Clarette,Tythacott,ctythacottj8@amazon.co.uk,Female
412608185,Micky,Romagnosi,,Male
736375234,Bette-ann,Killbey,bkillbeyja@wsj.com,Female
941108753,Arabella,Roadnight,aroadnightjb@naver.com,Female
746578238,Debi,Biddlestone,dbiddlestonejc@hhs.gov,Female
653568742,Korie,Pedycan,kpedycanjd@nsw.gov.au,Female
769269492,Abagail,Wigin,awiginje@mtv.com,Female
495334848,Delly,Ebsworth,debsworthjf@example.com,Female
365434789,Baldwin,Schultze,bschultzejg@dion.ne.jp,Male
811452421,Currey,Wiggett,cwiggettjh@yahoo.com,Male
187969207,Kenyon,MacCumiskey,kmaccumiskeyji@yelp.com,Male
886155404,Babita,McCloughen,bmccloughenjj@wikimedia.org,Female
718640243,Alfy,Swatheridge,aswatheridgejk@networksolutions.com,Female
745590539,Halsy,Schieferstein,hschiefersteinjl@deviantart.com,Male
236524381,Francoise,Niess,fniessjm@elegantthemes.com,Female
354540250,Alfy,Rochelle,arochellejn@blogger.com,Male
824555578,Kimberlee,Taig,,Female
159041627,Reta,Roddell,rroddelljp@t-online.de,Female
826718207,Hetti,Roseveare,,Female
133849221,Byrann,Levermore,blevermorejr@rakuten.co.jp,Male
295722938,Travis,Pridgeon,tpridgeonjs@fc2.com,Male
122259589,Becka,Burdge,bburdgejt@usnews.com,Female
956545414,Barbey,Dmych,bdmychju@cpanel.net,Female
966881892,Dulcinea,Le Noir,dlenoirjv@posterous.com,Female
899715475,Royal,Gatesman,rgatesmanjw@infoseek.co.jp,Male
66406871,Corey,Byers,cbyersjx@amazonaws.com,Male
197599093,Trefor,Eldritt,teldrittjy@moonfruit.com,Male
261712643,Sheridan,Gaskell,sgaskelljz@last.fm,Male
399485627,Ottilie,Brumen,obrumenk0@nps.gov,Female
777177535,Jordan,Frensch,,Female
410428937,Urban,Zanotti,uzanottik2@go.com,Male
850318040,Denys,Stormes,dstormesk3@smugmug.com,Female
438644122,Worth,Puve,wpuvek4@berkeley.edu,Male
43972240,Jorie,Schurig,jschurigk5@gravatar.com,Female
291398881,Delmore,Shearer,dshearerk6@globo.com,Male
749223455,Livy,Billam,,Female
392621998,Bret,Heardman,bheardmank8@ning.com,Male
609975750,Rozele,Dolan,rdolank9@google.com,Female
369712379,Stephanus,Olczak,solczakka@vkontakte.ru,Male
394472310,Marmaduke,Armitage,marmitagekb@icq.com,Male
778948178,Thaxter,Skeemor,tskeemorkc@bbb.org,Male
399293024,Cassandra,Anger,cangerkd@alibaba.com,Female
511391439,Symon,Piddock,spiddockke@drupal.org,Male
202046456,Viv,Dinsmore,vdinsmorekf@hibu.com,Female
183459783,Jimmie,Mohan,jmohankg@ow.ly,Male
700684477,Jehu,Gorce,jgorcekh@tamu.edu,Male
577653570,Bria,Stormouth,bstormouthki@tamu.edu,Female
616266725,Rebecka,St Quenin,rstqueninkj@ed.gov,Female
770076497,Marcie,Andresser,mandresserkk@tuttocitta.it,Female
189638204,Chrissie,Mardee,cmardeekl@comsenz.com,Male
525780520,Laverna,Ellsbury,lellsburykm@phoca.cz,Female
834517820,Donny,Loy,,Male
355957799,Leland,Glenny,lglennyko@cloudflare.com,Female
827181055,Cherey,Abdie,cabdiekp@utexas.edu,Female
910397427,Rafe,Gerger,rgergerkq@about.com,Male
924703994,Deena,Huniwall,dhuniwallkr@miitbeian.gov.cn,Female
451369764,Alyssa,McElwee,amcelweeks@time.com,Female
599167088,Lorine,Cadany,lcadanykt@ezinearticles.com,Female
184086976,Bev,Gianotti,bgianottiku@uiuc.edu,Female
285154302,Sawyere,Gini,sginikv@networksolutions.com,Male
490951112,Corey,Kruschev,ckruschevkw@webs.com,Male
734970136,Beverly,Esley,besleykx@unicef.org,Female
588788120,Livvie,Woolley,lwoolleyky@apple.com,Female
2361539,Aland,Coch,,Male
275014424,Lancelot,Tant,ltantl0@virginia.edu,Male
874364373,Amanda,MacGorman,amacgormanl1@cdc.gov,Female
672774752,Thatch,Dunckley,tdunckleyl2@plala.or.jp,Male
801573991,Berk,Mays,bmaysl3@digg.com,Male
852596712,Temple,Rosina,,Male
938983092,Coral,Campana,ccampanal5@disqus.com,Female
789707412,Mari,Kieran,mkieranl6@123-reg.co.uk,Female
99201919,Vivyan,Fortescue,vfortescuel7@yandex.ru,Female
171361407,Joelly,Bryenton,,Female
633312276,Odilia,Pretsell,opretselll9@timesonline.co.uk,Female
306569772,Nathaniel,Fache,,Male
183355922,Yancy,Paaso,ypaasolb@addthis.com,Male
238575635,Angelika,Virgoe,,Female
552947806,Drusie,Giovanitti,dgiovanittild@jugem.jp,Female
999769736,Kit,Brash,kbrashle@wiley.com,Male
920291264,Adelbert,Dorkens,adorkenslf@ox.ac.uk,Male
21270783,Myrtia,David,mdavidlg@wix.com,Female
170761943,Carita,Curzey,ccurzeylh@altervista.org,Female
14955296,Lawton,Benoix,,Male
348457823,Ariana,Saxby,asaxbylj@amazon.de,Female
997232575,Agnola,Sweeney,asweeneylk@cam.ac.uk,Female
358429374,Vickie,Le Maitre,,Female
874478099,Nicole,McNicol,nmcnicollm@guardian.co.uk,Female
139445684,Bronson,Rudeyeard,brudeyeardln@dot.gov,Male
671395439,Hussein,Zanetto,hzanettolo@ehow.com,Male
614221642,Judas,McNern,jmcnernlp@xing.com,Male
558290696,Cassie,Paolacci,cpaolaccilq@pagesperso-orange.fr,Male
537611919,Opalina,Godard,ogodardlr@newyorker.com,Female
412283517,Penn,Catlette,pcatlettels@ibm.com,Male
8389435,Natividad,Hintze,nhintzelt@youtu.be,Female
173325994,Heda,Exposito,hexpositolu@goo.ne.jp,Female
160956510,Jules,Troubridge,jtroubridgelv@twitpic.com,Male
829695364,Caritta,Karus,ckaruslw@wix.com,Female
970280025,Briney,Calder,bcalderlx@weather.com,Female
708541297,Federico,Whimper,fwhimperly@google.com.br,Male
74179589,Johnette,Kildea,jkildealz@ovh.net,Female
831309033,Jillie,Vickors,jvickorsm0@yelp.com,Female
715599245,Reade,Cato,rcatom1@columbia.edu,Male
476771008,Percival,Gorhardt,pgorhardtm2@blogspot.com,Male
576002979,Dionne,Beckson,,Female
900946831,Harland,Abrahmovici,,Male
291388273,Nerty,O'Longain,nolongainm5@house.gov,Female
434417257,Hillary,Stevings,hstevingsm6@psu.edu,Female
886505681,Lilah,Fenners,,Female
929070272,Revkah,Banghe,rbanghem8@devhub.com,Female
533863147,Ryon,Medler,rmedlerm9@yahoo.co.jp,Male
828528133,Townsend,Fogt,tfogtma@berkeley.edu,Male
630358226,Angie,Schultes,aschultesmb@ocn.ne.jp,Male
578369823,Cissiee,Braysher,,Female
785319612,Sidnee,Gatecliffe,sgatecliffemd@spotify.com,Male
780546061,Moira,Millington,mmillingtonme@purevolume.com,Female
182771784,Augusta,Tollmache,atollmachemf@nps.gov,Female
359784616,Jessey,Beynon,jbeynonmg@issuu.com,Male
594675140,Jorge,Margetson,jmargetsonmh@nbcnews.com,Male
767743244,Stanfield,Brand,sbrandmi@imdb.com,Male
593007964,Roselle,Reggler,rregglermj@dailymail.co.uk,Female
469729929,Andee,Gittoes,agittoesmk@wordpress.org,Female
603202688,Abel,Vannikov,,Male
510999330,Faber,Corteney,fcorteneymm@toplist.cz,Male
268570202,Marvin,Blowick,mblowickmn@tripod.com,Male
864128715,Edi,Dukes,edukesmo@senate.gov,Female
617492490,Todd,Rubi,,Male
731545088,Alaster,Redmille,aredmillemq@sbwire.com,Male
378984480,Asa,Labet,alabetmr@youku.com,Male
991139529,Olympie,Kitteringham,,Female
500252404,Aeriel,Gaffney,agaffneymt@princeton.edu,Female
231070132,Duff,Eddow,deddowmu@nasa.gov,Male
615470822,Patty,Seamer,pseamermv@oaic.gov.au,Female
250357071,Prescott,Toon,ptoonmw@cdbaby.com,Male
468252557,Amaleta,Ollerenshaw,aollerenshawmx@java.com,Female
577964753,Dunstan,Ferguson,dfergusonmy@webnode.com,Male
413965751,Joyce,Golder,jgoldermz@mashable.com,Female
879979414,Bertie,Baly,bbalyn0@squarespace.com,Male
605219012,Bary,Matteotti,bmatteottin1@google.fr,Male
900209588,Boycie,Mardell,bmardelln2@harvard.edu,Male
206428426,Guthrey,Robbert,grobbertn3@soup.io,Male
36098121,Terrill,Beneix,tbeneixn4@amazon.co.jp,Male
763825357,Sheryl,Saywell,,Female
812082949,Urban,Chaize,uchaizen6@java.com,Male
913189848,Randee,Dalwood,rdalwoodn7@eepurl.com,Female
221496993,Urbano,Waterhous,uwaterhousn8@elpais.com,Male
100794226,Briney,Luckin,bluckinn9@1und1.de,Female
148426408,Garvey,Dudliston,,Male
903799136,Inesita,Symonds,isymondsnb@google.cn,Female
305811358,Tallie,Bartali,tbartalinc@jugem.jp,Male
424200932,Thomasine,Polak,tpolaknd@php.net,Female
377632339,Joly,Pala,jpalane@msu.edu,Female
876772517,Gaynor,Normanvill,gnormanvillnf@tmall.com,Female
191735152,Josepha,Woloschinski,,Female
619553154,Shawn,Kyngdon,skyngdonnh@usatoday.com,Male
931413428,Francine,Allam,fallamni@archive.org,Female
821797925,Justinn,Paulot,,Female
570756547,Bastian,Forseith,bforseithnk@youtu.be,Male
675961781,Herta,MacIlory,hmacilorynl@ezinearticles.com,Female
308270191,Elbertine,Upshall,eupshallnm@webs.com,Female
365963893,Kissie,Limbourne,klimbournenn@plala.or.jp,Female
534502415,Ludovico,Cherrie,lcherrieno@indiatimes.com,Male
592617102,Trefor,Bottrill,,Male
837145028,Sherlocke,Letertre,,Male
330015226,Faunie,Passingham,fpassinghamnr@scientificamerican.com,Female
327368402,Donny,Vasyukhichev,,Male
510788914,Prissie,Gamlen,pgamlennt@sina.com.cn,Female
817302235,Beale,Wardrope,,Male
896698866,Ruthy,Piatti,rpiattinv@addthis.com,Female
489798113,Sloan,Tizzard,stizzardnw@sun.com,Male
825209091,Harriet,Hemstead,hhemsteadnx@ft.com,Female
905282023,Abbott,Inchley,,Male
29176518,Kincaid,Stonnell,kstonnellnz@google.pl,Male
221901098,Keen,MacInherney,kmacinherneyo0@slate.com,Male
562047413,Thorndike,Brooking,tbrookingo1@ifeng.com,Male
63374512,Erasmus,MacNalley,emacnalleyo2@issuu.com,Male
994639002,Bobine,Seamark,,Female
956206718,Toinette,Newing,,Female
302503584,Ailbert,Baybutt,abaybutto5@fotki.com,Male
151286733,Bari,Agney,bagneyo6@psu.edu,Female
106959198,Callida,Crann,ccranno7@typepad.com,Female
329844550,Matt,Scurfield,mscurfieldo8@google.com.au,Male
807882962,Morten,Snoding,msnodingo9@biglobe.ne.jp,Male
329486371,Zebadiah,Seagood,zseagoodoa@naver.com,Male
962088994,Marabel,Schreiner,mschreinerob@usda.gov,Female
286684052,Philly,Pigne,ppigneoc@goo.gl,Female
503785678,Darrin,Phebey,,Male
55186110,Zorah,Firle,zfirleoe@lulu.com,Female
452879847,Broddie,Duffield,bduffieldof@bigcartel.com,Male
766348899,Garey,Doneld,gdoneldog@usatoday.com,Male
362540931,Dredi,Kalker,dkalkeroh@xrea.com,Female
869373327,Dot,Lafrentz,dlafrentzoi@prnewswire.com,Female
481036256,Randolf,Dudleston,rdudlestonoj@wikimedia.org,Male
671393743,Enrika,Anelay,eanelayok@cnn.com,Female
118687519,Shirley,Haddington,,Female
35346389,Tristam,Cote,tcoteom@woothemes.com,Male
519654599,Garry,Girton,ggirtonon@marriott.com,Male
8344649,Gusta,Luisetti,gluisettioo@marriott.com,Female
600041579,Mylo,Smiths,,Male
315211397,Ralina,Rubinowitz,,Female
74862015,Zechariah,Sexty,zsextyor@java.com,Male
136916774,Cordelia,Bozward,,Female
810967194,Gayla,Janczewski,gjanczewskiot@answers.com,Female
953106319,Berne,Aslin,baslinou@java.com,Male
242954034,Titus,Americi,tamericiov@cpanel.net,Male
148404724,Tucker,Cunnah,tcunnahow@disqus.com,Male
286132370,Ingram,Brett,ibrettox@printfriendly.com,Male
899804329,Buckie,Orrobin,borrobinoy@bravesites.com,Male
842699472,Roanna,Garlant,rgarlantoz@dropbox.com,Female
194204373,Mandy,Kitcatt,mkitcattp0@t-online.de,Female
794321836,Katrinka,Dachey,kdacheyp1@a8.net,Female
915001654,Greg,Ralls,grallsp2@twitter.com,Male
39147518,Berti,Quixley,bquixleyp3@cbslocal.com,Male
235844234,Emelia,Brammar,,Female
226353060,Lyman,Lintott,llintottp5@xinhuanet.com,Male
952739796,Libby,Jzhakov,ljzhakovp6@msu.edu,Female
84935616,Merv,Abisetti,mabisettip7@constantcontact.com,Male
602727770,Goddart,Hann,ghannp8@imdb.com,Male
234494475,Sholom,Boast,sboastp9@umich.edu,Male
742494662,Leonora,Ticehurst,,Female
135907412,Allis,O'Shields,aoshieldspb@thetimes.co.uk,Female
212762395,Jaye,Skipworth,jskipworthpc@noaa.gov,Male
892470986,Claudell,Clymo,cclymopd@infoseek.co.jp,Male
732342779,Hillary,Kennard,hkennardpe@harvard.edu,Male
922276925,Marius,Curd,mcurdpf@fc2.com,Male
796549138,Garrard,Stearley,gstearleypg@fotki.com,Male
659058609,Karlene,Glaister,kglaisterph@cloudflare.com,Female
5184582,Linnet,Bosden,,Female
132605261,Isabelle,Roddy,iroddypj@princeton.edu,Female
148553935,Jayson,Sampson,jsampsonpk@usatoday.com,Male
536161378,Kristi,Schroter,kschroterpl@pbs.org,Female
619078362,Jinny,Dainter,,Female
394346172,Darrel,Sinott,dsinottpn@eepurl.com,Male
421689105,Granny,Lockitt,glockittpo@51.la,Male
364202573,Fee,Dunican,fdunicanpp@psu.edu,Male
90695295,Chilton,Western,cwesternpq@g.co,Male
462040722,Tammi,Kunert,tkunertpr@nba.com,Female
728720263,Norma,Cabotto,ncabottops@gmpg.org,Female
883456736,Beau,Avramovsky,bavramovskypt@forbes.com,Male
388938436,Graham,Millery,gmillerypu@sphinn.com,Male
845377198,Nehemiah,Glentworth,nglentworthpv@gnu.org,Male
852251745,Sansone,Readman,,Male
9701530,Say,Harg,shargpx@senate.gov,Male
859395819,Coop,Janning,cjanningpy@lulu.com,Male
407251566,Shepherd,Searjeant,ssearjeantpz@unicef.org,Male
904438815,Shadow,Kubicek,skubicekq0@ed.gov,Male
455064350,Manuel,Dalyiel,mdalyielq1@deviantart.com,Male
922243828,Sheelagh,Spadaro,sspadaroq2@dion.ne.jp,Female
60357322,Katey,Lulham,klulhamq3@eepurl.com,Female
905155743,Anne,Rodman,arodmanq4@wsj.com,Female
610636261,Arnold,Sproat,asproatq5@booking.com,Male
785387688,Wilfrid,Siege,wsiegeq6@wisc.edu,Male
434987583,Jacquie,Vitet,jvitetq7@microsoft.com,Female
183127774,Goldi,Arsnell,garsnellq8@prlog.org,Female
378552949,Pietra,Alders,paldersq9@t.co,Female
617311276,Esma,Bassam,ebassamqa@dot.gov,Female
158021703,Odilia,Roan,oroanqb@home.pl,Female
569958352,Adina,Liggins,aligginsqc@tumblr.com,Female
21282046,Rozele,Jeacock,rjeacockqd@mail.ru,Female
57009708,Rik,Marmion,rmarmionqe@digg.com,Male
641175182,Stacee,Flescher,sflescherqf@hibu.com,Male
378508645,Wenda,Besnardeau,,Female
268219302,Tara,Laughlin,tlaughlinqh@netscape.com,Female
832412354,Velma,Meriton,vmeritonqi@loc.gov,Female
704509317,Zacherie,Stooders,zstoodersqj@phoca.cz,Male
800653927,Rowe,Elderidge,relderidgeqk@prlog.org,Female
19882809,Wadsworth,Suscens,wsuscensql@purevolume.com,Male
289072173,Dalt,Catanheira,dcatanheiraqm@4shared.com,Male
945433451,Reece,Scottini,rscottiniqn@loc.gov,Male
366329091,Valera,Bernet,vbernetqo@theguardian.com,Female
221094332,Joachim,Mockett,jmockettqp@sbwire.com,Male
303989669,Dorotea,Kettow,dkettowqq@tiny.cc,Female
17591428,Elli,Rablin,erablinqr@businesswire.com,Female
727494741,Langston,Dearsley,ldearsleyqs@squidoo.com,Male
51902228,Shayne,Clemendet,,Female
716198254,Prudi,Hiskey,,Female
113840980,Nate,Gladdish,ngladdishqv@comcast.net,Male
470255802,Lorine,Cuthill,lcuthillqw@dailymotion.com,Female
729256463,Schuyler,Sinncock,ssinncockqx@sitemeter.com,Male
89830310,Karola,Sanney,ksanneyqy@dailymotion.com,Female
276640035,Aurel,Dudin,,Female
123438411,Lonnie,Dowles,ldowlesr0@cbsnews.com,Male
741156438,Gwendolen,Perrone,gperroner1@youtu.be,Female
907940475,Flor,Hawe,fhawer2@google.it,Female
489691244,Keely,Pirouet,kpirouetr3@weebly.com,Female
908614635,Kirsteni,Clears,kclearsr4@storify.com,Female
594667862,Beniamino,Sherel,bsherelr5@omniture.com,Male
414989497,Laryssa,Wolstencroft,lwolstencroftr6@behance.net,Female
277528796,Yurik,Nisen,ynisenr7@globo.com,Male
6813393,Ariella,Minnis,aminnisr8@buzzfeed.com,Female
333390378,Ashely,Upchurch,aupchurchr9@wikimedia.org,Female
563588867,Brook,Stadden,bstaddenra@examiner.com,Female
687432024,Anastasia,Mico,amicorb@npr.org,Female
747046519,Zara,Fish,zfishrc@dmoz.org,Female
165026959,Corrie,Marshman,cmarshmanrd@simplemachines.org,Male
713544004,Al,Gavrielly,agavriellyre@slashdot.org,Male
537358649,Cece,Beekman,cbeekmanrf@last.fm,Male
297908743,Patin,Ambrogio,pambrogiorg@t-online.de,Male
907578527,Dilan,Hendrichs,dhendrichsrh@youtube.com,Male
953676329,Wallache,Laurie,wlaurieri@reddit.com,Male
668684933,Zedekiah,Bonham,zbonhamrj@cornell.edu,Male
847200460,Dahlia,Sleith,dsleithrk@linkedin.com,Female
167305480,Patrick,Rendall,prendallrl@msu.edu,Male
937089103,Dave,Bilsford,dbilsfordrm@ovh.net,Male
7015467,Ynes,Arpin,yarpinrn@google.com.hk,Female
762305025,Ilse,Caven,icavenro@prlog.org,Female
14503568,Heywood,Farnham,hfarnhamrq@facebook.com,Male
998349255,Elvera,Hairyes,,Female
998349255,Elvera,Hairyes,,Female